[{"model": "contenttypes.contenttype", "pk": 1, "fields": {"app_label": "admin", "model": "logentry"}}, {"model": "contenttypes.contenttype", "pk": 2, "fields": {"app_label": "auth", "model": "permission"}}, {"model": "contenttypes.contenttype", "pk": 3, "fields": {"app_label": "auth", "model": "group"}}, {"model": "contenttypes.contenttype", "pk": 4, "fields": {"app_label": "auth", "model": "user"}}, {"model": "contenttypes.contenttype", "pk": 5, "fields": {"app_label": "contenttypes", "model": "contenttype"}}, {"model": "contenttypes.contenttype", "pk": 6, "fields": {"app_label": "sessions", "model": "session"}}, {"model": "contenttypes.contenttype", "pk": 7, "fields": {"app_label": "vendor", "model": "category"}}, {"model": "contenttypes.contenttype", "pk": 8, "fields": {"app_label": "vendor", "model": "product"}}, {"model": "contenttypes.contenttype", "pk": 9, "fields": {"app_label": "vendor", "model": "vendor_profile"}}, {"model": "contenttypes.contenttype", "pk": 10, "fields": {"app_label": "vendor", "model": "vendorprofile"}}, {"model": "contenttypes.contenttype", "pk": 11, "fields": {"app_label": "customer", "model": "customer_profile"}}, {"model": "contenttypes.contenttype", "pk": 12, "fields": {"app_label": "customer", "model": "customerprofile"}}, {"model": "contenttypes.contenttype", "pk": 13, "fields": {"app_label": "cart", "model": "orderitem"}}, {"model": "contenttypes.contenttype", "pk": 14, "fields": {"app_label": "cart", "model": "order"}}, {"model": "contenttypes.contenttype", "pk": 15, "fields": {"app_label": "cart", "model": "transaction"}}, {"model": "contenttypes.contenttype", "pk": 16, "fields": {"app_label": "blog", "model": "post"}}, {"model": "contenttypes.contenttype", "pk": 17, "fields": {"app_label": "blog", "model": "comment"}}, {"model": "contenttypes.contenttype", "pk": 18, "fields": {"app_label": "vendor", "model": "review"}}, {"model": "contenttypes.contenttype", "pk": 19, "fields": {"app_label": "vendor", "model": "vendorqty"}}, {"model": "sessions.session", "pk": "1188t3ibdb2ravvelchczhj60pax8dfp", "fields": {"session_data": "ZTAxNDEyOWI1MmE4ZTU5OTg1Yzc3N2FiYmY2ZTM1OGNiYjlhNGQyYjp7Il9hdXRoX3VzZXJfaWQiOiI4OSIsIl9hdXRoX3VzZXJfYmFja2VuZCI6ImRqYW5nby5jb250cmliLmF1dGguYmFja2VuZHMuTW9kZWxCYWNrZW5kIiwiX2F1dGhfdXNlcl9oYXNoIjoiMTU2Mjk4NTIwNGMxYzljZDEwOWE2YzE4NjU0YWJkNzU1ODA2ZmY2MCJ9", "expire_date": "2018-12-01T17:28:07.168Z"}}, {"model": "sessions.session", "pk": "30m1i15bn2c9v142v860sevkdh5qtxx9", "fields": {"session_data": "YWI4ZGYxNTQ1ZjJlOGY1MGNmNzUyODQ0Zjk1NDczZjIzOTNhNDRhODp7Il9hdXRoX3VzZXJfaWQiOiI5NSIsIl9hdXRoX3VzZXJfYmFja2VuZCI6ImRqYW5nby5jb250cmliLmF1dGguYmFja2VuZHMuTW9kZWxCYWNrZW5kIiwiX2F1dGhfdXNlcl9oYXNoIjoiY2Q0YWJhZGNkNWUyZTVhYjRmMWJmNjQ5YTdjZGEyYzYxMGEwZjg1MSJ9", "expire_date": "2018-12-02T08:19:00.831Z"}}, {"model": "sessions.session", "pk": "328q6qve86v9vj78ydrswpnbneof2t06", "fields": {"session_data": "OWQ0ZGFjOGIyZmM2NGI1ZmFiNjA4ZWJhMTU5Y2FkOTBiNmMwZWYzZjp7Il9hdXRoX3VzZXJfaWQiOiI5MCIsIl9hdXRoX3VzZXJfYmFja2VuZCI6ImRqYW5nby5jb250cmliLmF1dGguYmFja2VuZHMuTW9kZWxCYWNrZW5kIiwiX2F1dGhfdXNlcl9oYXNoIjoiODU4NmY2ZTIyYjRjNDcwZjI0ZDVjYzExNTllOWNjOGMwNTNmYzAyYyJ9", "expire_date": "2018-12-02T10:28:50.104Z"}}, {"model": "sessions.session", "pk": "7yytvncbpjh1gj4ddhu9wyxac9227hdg", "fields": {"session_data": "Y2RkM2Q1MmE5YjI2NDg0YTcwOWE5ZmFjNzVmMzEzZGE1YmFkMTZiYTp7Il9hdXRoX3VzZXJfaWQiOiIxOSIsIl9hdXRoX3VzZXJfYmFja2VuZCI6ImRqYW5nby5jb250cmliLmF1dGguYmFja2VuZHMuTW9kZWxCYWNrZW5kIiwiX2F1dGhfdXNlcl9oYXNoIjoiYWMzNzlmYzE0ZmRmZWY2ODVjZWE1ZGZmNWZjZDExYjczNDhiOWNhYyJ9", "expire_date": "2018-11-18T10:14:21.799Z"}}, {"model": "sessions.session", "pk": "817u8uahvgpl48pql6luqhgco0fbjndi", "fields": {"session_data": "YWYyYTRmZTI5N2M3YzM1MzhjNjI0MzkzMjVjMWU1NTY0ZjY0NjQzMzp7Il9hdXRoX3VzZXJfaWQiOiI2MSIsIl9hdXRoX3VzZXJfYmFja2VuZCI6ImRqYW5nby5jb250cmliLmF1dGguYmFja2VuZHMuTW9kZWxCYWNrZW5kIiwiX2F1dGhfdXNlcl9oYXNoIjoiMmMzNzM2MTQ2NzgxOWI3OTlmYzFmMzdlNmQ3YzBkMTNmODFkMTI2MSJ9", "expire_date": "2018-11-26T08:37:45.640Z"}}, {"model": "sessions.session", "pk": "9ms4zggzwcedzp9xu5t6780n5kh4ba8t", "fields": {"session_data": "NzEwZTMwMGJjZWJlYjFiOTU1ZGY3OWE3ZWNmOWQ1NGYyZjg5M2E4Yzp7Il9hdXRoX3VzZXJfaWQiOiIzOSIsIl9hdXRoX3VzZXJfYmFja2VuZCI6ImRqYW5nby5jb250cmliLmF1dGguYmFja2VuZHMuTW9kZWxCYWNrZW5kIiwiX2F1dGhfdXNlcl9oYXNoIjoiYTZmZDVkMzI0ZDkyNjMzMTQxYWI3NmZkMGU4Mjg1MDQ3ZTljNTdlNyJ9", "expire_date": "2018-11-23T13:23:30.811Z"}}, {"model": "sessions.session", "pk": "9zufjiegeujj1kngzzaehswktq7nc214", "fields": {"session_data": "NTYyZjMzMjk2NGMzZmYyMjQwNzc5YzQ2OWMyMDU3ZDdjZjA1ZmE1ODp7Il9hdXRoX3VzZXJfaWQiOiI4NyIsIl9hdXRoX3VzZXJfYmFja2VuZCI6ImRqYW5nby5jb250cmliLmF1dGguYmFja2VuZHMuTW9kZWxCYWNrZW5kIiwiX2F1dGhfdXNlcl9oYXNoIjoiNjZjMmMwYjE2Nzk2OWY5ODlhZWQ5MGZmZTc3MGUwZWY3MjA2YWZkMyJ9", "expire_date": "2018-12-01T16:57:44.200Z"}}, {"model": "sessions.session", "pk": "ajo01bsbxmg8xnd6hqpzvfdf54zxcbkm", "fields": {"session_data": "Yjg4ZjRkZDM5OWZlZGM2MzllNzZjMjczNWUxNjFiZWFlNGRlYzJiNTp7Il9hdXRoX3VzZXJfaWQiOiIyNSIsIl9hdXRoX3VzZXJfYmFja2VuZCI6ImRqYW5nby5jb250cmliLmF1dGguYmFja2VuZHMuTW9kZWxCYWNrZW5kIiwiX2F1dGhfdXNlcl9oYXNoIjoiZTk0MzZiYjk0NGFhYmMzYzI1Y2M4MzVmNGE0Y2Q1MzE2MDQwNmM3OSJ9", "expire_date": "2018-11-23T07:22:23.093Z"}}, {"model": "sessions.session", "pk": "alscqc4zftzcm8r8kw6sgurf3ge9ghof", "fields": {"session_data": "NWM5Mjc4Y2U3N2M3ZTlmYWFhZTViNDM3OGJmOWJlN2VlMGFmMzBmNjp7Il9hdXRoX3VzZXJfaWQiOiI2NCIsIl9hdXRoX3VzZXJfYmFja2VuZCI6ImRqYW5nby5jb250cmliLmF1dGguYmFja2VuZHMuTW9kZWxCYWNrZW5kIiwiX2F1dGhfdXNlcl9oYXNoIjoiMDI0MTczNmUyOTllOTMzMjZmMjFjODgyNDc3M2EyMGFiMjhlMmUyNCJ9", "expire_date": "2018-12-02T15:36:22.665Z"}}, {"model": "sessions.session", "pk": "c69qme9xw1pmuvefs2rrfv0zm8lrnuq3", "fields": {"session_data": "MjdmZjQ5ZGIwYWRlNTIyYzJkNTQ1MWI5ODI1NTczZDM5YjhjZjVmODp7Il9hdXRoX3VzZXJfaWQiOiIyNCIsIl9hdXRoX3VzZXJfYmFja2VuZCI6ImRqYW5nby5jb250cmliLmF1dGguYmFja2VuZHMuTW9kZWxCYWNrZW5kIiwiX2F1dGhfdXNlcl9oYXNoIjoiMzBlYTZkODg5ZGFiY2E3YjBkZmE5NDBjMWZiMjU1ODgyYTEyOGUyOSJ9", "expire_date": "2018-11-15T18:58:20.386Z"}}, {"model": "sessions.session", "pk": "c7znrbm2wxufn4tdb9lzivqfatye1i01", "fields": {"session_data": "NWM5Mjc4Y2U3N2M3ZTlmYWFhZTViNDM3OGJmOWJlN2VlMGFmMzBmNjp7Il9hdXRoX3VzZXJfaWQiOiI2NCIsIl9hdXRoX3VzZXJfYmFja2VuZCI6ImRqYW5nby5jb250cmliLmF1dGguYmFja2VuZHMuTW9kZWxCYWNrZW5kIiwiX2F1dGhfdXNlcl9oYXNoIjoiMDI0MTczNmUyOTllOTMzMjZmMjFjODgyNDc3M2EyMGFiMjhlMmUyNCJ9", "expire_date": "2018-12-02T11:34:30.118Z"}}, {"model": "sessions.session", "pk": "d0pu969itpprrbx0ai5w16g3opl30d71", "fields": {"session_data": "NzVlZGNmYjQ2YjM2ZjIxOTY2ZjM3ZDhhMzMzZWM1MTNiZjAzMGUwYTp7Il9hdXRoX3VzZXJfaWQiOiIxIiwiX2F1dGhfdXNlcl9iYWNrZW5kIjoiZGphbmdvLmNvbnRyaWIuYXV0aC5iYWNrZW5kcy5Nb2RlbEJhY2tlbmQiLCJfYXV0aF91c2VyX2hhc2giOiIyMGUzZmI0MWQ0ZWM4ZTc2YTQ2MDY0MTU4MDIyOTY2YzVjOThmMzgzIn0=", "expire_date": "2018-11-11T16:55:29.187Z"}}, {"model": "sessions.session", "pk": "i74p6caneuwg96xtaxzsx167wv3n4x2z", "fields": {"session_data": "YjdlY2E2ZGFlNDIzOTVmMjQ4MDMxZDg1NGEwMzk0YmUwODZkZjBiMDp7fQ==", "expire_date": "2018-12-01T19:07:15.804Z"}}, {"model": "sessions.session", "pk": "j5egtqtha2qnkvmp6tmg9mp5izazgpah", "fields": {"session_data": "NTYyZjMzMjk2NGMzZmYyMjQwNzc5YzQ2OWMyMDU3ZDdjZjA1ZmE1ODp7Il9hdXRoX3VzZXJfaWQiOiI4NyIsIl9hdXRoX3VzZXJfYmFja2VuZCI6ImRqYW5nby5jb250cmliLmF1dGguYmFja2VuZHMuTW9kZWxCYWNrZW5kIiwiX2F1dGhfdXNlcl9oYXNoIjoiNjZjMmMwYjE2Nzk2OWY5ODlhZWQ5MGZmZTc3MGUwZWY3MjA2YWZkMyJ9", "expire_date": "2018-12-01T14:10:24.708Z"}}, {"model": "sessions.session", "pk": "l5dz9x7zyq53zum8gnlz45ar4yhrgw4s", "fields": {"session_data": "Y2RkM2Q1MmE5YjI2NDg0YTcwOWE5ZmFjNzVmMzEzZGE1YmFkMTZiYTp7Il9hdXRoX3VzZXJfaWQiOiIxOSIsIl9hdXRoX3VzZXJfYmFja2VuZCI6ImRqYW5nby5jb250cmliLmF1dGguYmFja2VuZHMuTW9kZWxCYWNrZW5kIiwiX2F1dGhfdXNlcl9oYXNoIjoiYWMzNzlmYzE0ZmRmZWY2ODVjZWE1ZGZmNWZjZDExYjczNDhiOWNhYyJ9", "expire_date": "2018-11-13T13:24:43.896Z"}}, {"model": "sessions.session", "pk": "q4alox37zlv4y7h3lbv92qee9xdio2vm", "fields": {"session_data": "YjdlY2E2ZGFlNDIzOTVmMjQ4MDMxZDg1NGEwMzk0YmUwODZkZjBiMDp7fQ==", "expire_date": "2018-12-01T19:07:44.386Z"}}, {"model": "sessions.session", "pk": "q9h7mqs6ngpzig3iep59whio0qptd5gd", "fields": {"session_data": "YzE2MTk3MTNhZTMwNDVmMmVmODI0Mjk1OWE1MWNlMGYxMGM4MmM0NTp7Il9hdXRoX3VzZXJfaWQiOiIxMTIiLCJfYXV0aF91c2VyX2JhY2tlbmQiOiJkamFuZ28uY29udHJpYi5hdXRoLmJhY2tlbmRzLk1vZGVsQmFja2VuZCIsIl9hdXRoX3VzZXJfaGFzaCI6IjhlYTQzZmNkYjRmYzI5Y2JiMmJjZWZhMWY4MmMwMWJiZGUzNzBlYzMifQ==", "expire_date": "2018-12-26T06:27:27.073Z"}}, {"model": "sessions.session", "pk": "uhh39fi8pu7tc6uxrwhcw6sl00klv0m9", "fields": {"session_data": "ODE1MDM0NWUyZTFjOTg5OWRkYTEzOWY3NGFmMGYyYjBjOTU5N2Q3Yjp7Il9hdXRoX3VzZXJfaWQiOiIxMTEiLCJfYXV0aF91c2VyX2JhY2tlbmQiOiJkamFuZ28uY29udHJpYi5hdXRoLmJhY2tlbmRzLk1vZGVsQmFja2VuZCIsIl9hdXRoX3VzZXJfaGFzaCI6IjBiZjhhYmRhNzAxOWRjMmVhMDYxYTFhNjM2YTM1MjJhMzNlYmU2YTAifQ==", "expire_date": "2018-12-12T10:28:47.804Z"}}, {"model": "sessions.session", "pk": "v88get9q3uiljdc7kcltsgxkvk726sy7", "fields": {"session_data": "MWFmOTllNDJhN2UyYTM2YzE3MjNmMTJmZmNmMzkwNjZlNmQyZjAzMzp7Il9hdXRoX3VzZXJfaWQiOiIxMDkiLCJfYXV0aF91c2VyX2JhY2tlbmQiOiJkamFuZ28uY29udHJpYi5hdXRoLmJhY2tlbmRzLk1vZGVsQmFja2VuZCIsIl9hdXRoX3VzZXJfaGFzaCI6Ijg2OTM0ODc5YTY0MzE5NDI0YzJjMjA5NzE5Zjg3YmUzNjkwZTBkZDEifQ==", "expire_date": "2018-12-20T14:23:19.633Z"}}, {"model": "sessions.session", "pk": "w8yfs3lohzaut6hna59bddrhpiuad9ib", "fields": {"session_data": "MjhkNDIwMTg0OGJiYTZjYTc5NWU5ZGRhNjc3ZjcyYjI5ZGQ0YTMyOTp7Il9hdXRoX3VzZXJfaWQiOiI5OSIsIl9hdXRoX3VzZXJfYmFja2VuZCI6ImRqYW5nby5jb250cmliLmF1dGguYmFja2VuZHMuTW9kZWxCYWNrZW5kIiwiX2F1dGhfdXNlcl9oYXNoIjoiMTY0ZGQ5MDhiYzUzYjhjY2YyMGZjMzk3MmM5MTg3ZTY1NzBkNTA0MiJ9", "expire_date": "2018-12-02T03:32:04.877Z"}}, {"model": "sessions.session", "pk": "xunh5h04xbuk54h5vqgdgnkpe38c2ngj", "fields": {"session_data": "YjdlY2E2ZGFlNDIzOTVmMjQ4MDMxZDg1NGEwMzk0YmUwODZkZjBiMDp7fQ==", "expire_date": "2018-12-26T06:06:43.712Z"}}, {"model": "sessions.session", "pk": "ycakc2kywzmm4bxavo8apl58zrzevf69", "fields": {"session_data": "Y2RkM2Q1MmE5YjI2NDg0YTcwOWE5ZmFjNzVmMzEzZGE1YmFkMTZiYTp7Il9hdXRoX3VzZXJfaWQiOiIxOSIsIl9hdXRoX3VzZXJfYmFja2VuZCI6ImRqYW5nby5jb250cmliLmF1dGguYmFja2VuZHMuTW9kZWxCYWNrZW5kIiwiX2F1dGhfdXNlcl9oYXNoIjoiYWMzNzlmYzE0ZmRmZWY2ODVjZWE1ZGZmNWZjZDExYjczNDhiOWNhYyJ9", "expire_date": "2018-11-18T10:27:11.266Z"}}, {"model": "sessions.session", "pk": "zfllmo73b5wk76sptcpa22k5771hnx5n", "fields": {"session_data": "NWM5Mjc4Y2U3N2M3ZTlmYWFhZTViNDM3OGJmOWJlN2VlMGFmMzBmNjp7Il9hdXRoX3VzZXJfaWQiOiI2NCIsIl9hdXRoX3VzZXJfYmFja2VuZCI6ImRqYW5nby5jb250cmliLmF1dGguYmFja2VuZHMuTW9kZWxCYWNrZW5kIiwiX2F1dGhfdXNlcl9oYXNoIjoiMDI0MTczNmUyOTllOTMzMjZmMjFjODgyNDc3M2EyMGFiMjhlMmUyNCJ9", "expire_date": "2018-12-01T20:51:37.177Z"}}, {"model": "vendor.category", "pk": 2, "fields": {"cat_name": "Home Needs"}}, {"model": "vendor.category", "pk": 3, "fields": {"cat_name": "Groceries"}}, {"model": "vendor.category", "pk": 4, "fields": {"cat_name": "Fruits/Veg"}}, {"model": "vendor.category", "pk": 5, "fields": {"cat_name": "Beverages"}}, {"model": "vendor.category", "pk": 6, "fields": {"cat_name": "Dairy"}}, {"model": "vendor.category", "pk": 7, "fields": {"cat_name": "Personal care"}}, {"model": "vendor.product", "pk": 42, "fields": {"category": 3, "prod_name": "Cadbury Diary Milk", "ingredients": "", "stock": 20, "cost": 20, "brand": "", "prod_pic": "documents/2.jpg", "created_at": "2018-11-13T08:52:39.654Z", "updated_at": "2018-12-11T04:05:38.365Z"}}, {"model": "vendor.product", "pk": 43, "fields": {"category": 3, "prod_name": "Kinder Joy (for boys)", "ingredients": "", "stock": 59, "cost": 45, "brand": "123", "prod_pic": "7_soAHWFT.jpg", "created_at": "2018-11-13T08:52:39.654Z", "updated_at": "2018-12-11T11:37:19.316Z"}}, {"model": "vendor.product", "pk": 45, "fields": {"category": 3, "prod_name": "Parle Hide and Seek", "ingredients": "", "stock": 21, "cost": 15, "brand": "", "prod_pic": "1", "created_at": "2018-11-13T08:52:39.654Z", "updated_at": "2018-11-25T05:49:00.350Z"}}, {"model": "vendor.product", "pk": 46, "fields": {"category": 3, "prod_name": "Sunfeast Dark Fantasy", "ingredients": "", "stock": 41, "cost": 60, "brand": "", "prod_pic": "1", "created_at": "2018-11-13T08:52:39.654Z", "updated_at": "2018-11-25T05:49:00.381Z"}}, {"model": "vendor.product", "pk": 47, "fields": {"category": 3, "prod_name": "Cadbury 5 Star", "ingredients": "", "stock": 50, "cost": 10, "brand": "", "prod_pic": "documents/1_tq8V5zQ.jpg", "created_at": "2018-11-13T08:52:39.654Z", "updated_at": "2018-12-11T04:05:15.508Z"}}, {"model": "vendor.product", "pk": 49, "fields": {"category": 3, "prod_name": "Nestle Choco Kitkat", "ingredients": "", "stock": 83, "cost": 10, "brand": "", "prod_pic": "1", "created_at": "2018-11-13T08:52:39.654Z", "updated_at": "2018-11-13T08:52:39.684Z"}}, {"model": "vendor.product", "pk": 50, "fields": {"category": 3, "prod_name": "item 101", "ingredients": "", "stock": 82, "cost": 35, "brand": "", "prod_pic": "1", "created_at": "2018-11-13T08:52:39.654Z", "updated_at": "2018-11-13T08:52:39.684Z"}}, {"model": "vendor.product", "pk": 54, "fields": {"category": 3, "prod_name": "item 105", "ingredients": "", "stock": 24, "cost": 33, "brand": "", "prod_pic": "1", "created_at": "2018-11-13T08:52:39.654Z", "updated_at": "2018-11-13T08:52:39.684Z"}}, {"model": "vendor.product", "pk": 55, "fields": {"category": 3, "prod_name": "item 106", "ingredients": "", "stock": 24, "cost": 34, "brand": "", "prod_pic": "1", "created_at": "2018-11-13T08:52:39.654Z", "updated_at": "2018-11-13T08:52:39.684Z"}}, {"model": "vendor.product", "pk": 56, "fields": {"category": 3, "prod_name": "item 107", "ingredients": "", "stock": 83, "cost": 34, "brand": "", "prod_pic": "1", "created_at": "2018-11-13T08:52:39.654Z", "updated_at": "2018-11-13T08:52:39.684Z"}}, {"model": "vendor.product", "pk": 57, "fields": {"category": 3, "prod_name": "item 108", "ingredients": "", "stock": 84, "cost": 54, "brand": "", "prod_pic": "1", "created_at": "2018-11-13T08:52:39.654Z", "updated_at": "2018-11-13T08:52:39.684Z"}}, {"model": "vendor.product", "pk": 58, "fields": {"category": 3, "prod_name": "item 109", "ingredients": "", "stock": 74, "cost": 2, "brand": "", "prod_pic": "1", "created_at": "2018-11-13T08:52:39.654Z", "updated_at": "2018-11-13T08:52:39.684Z"}}, {"model": "vendor.product", "pk": 59, "fields": {"category": 3, "prod_name": "item 110 ", "ingredients": "", "stock": 45, "cost": 23, "brand": "", "prod_pic": "1", "created_at": "2018-11-13T08:52:39.654Z", "updated_at": "2018-11-13T08:52:39.684Z"}}, {"model": "vendor.product", "pk": 60, "fields": {"category": 3, "prod_name": "item 111", "ingredients": "", "stock": 32, "cost": 24, "brand": "", "prod_pic": "1", "created_at": "2018-11-13T08:52:39.654Z", "updated_at": "2018-11-18T15:37:06.713Z"}}, {"model": "vendor.product", "pk": 61, "fields": {"category": 6, "prod_name": "Double Toned Milk", "ingredients": "", "stock": 30, "cost": 30, "brand": "Heritage", "prod_pic": "1", "created_at": "2018-11-13T08:52:39.654Z", "updated_at": "2018-11-13T08:52:39.684Z"}}, {"model": "vendor.product", "pk": 62, "fields": {"category": 3, "prod_name": "abc", "ingredients": "as", "stock": 6, "cost": 12, "brand": "lays", "prod_pic": "documents/3.jpg", "created_at": "2018-11-16T11:24:58.784Z", "updated_at": "2018-11-18T15:37:06.741Z"}}, {"model": "vendor.product", "pk": 66, "fields": {"category": 2, "prod_name": "awdaeef", "ingredients": "sd", "stock": 46, "cost": 98, "brand": "jitesh", "prod_pic": "documents/Sketch.png", "created_at": "2018-11-17T16:18:17.606Z", "updated_at": "2018-11-18T04:34:52.190Z"}}, {"model": "vendor.product", "pk": 67, "fields": {"category": 6, "prod_name": "Cow-Ghee", "ingredients": "", "stock": 34, "cost": 400, "brand": "", "prod_pic": "", "created_at": "2018-11-18T07:20:51.588Z", "updated_at": "2018-11-18T07:20:51.588Z"}}, {"model": "vendor.product", "pk": 68, "fields": {"category": 6, "prod_name": "Paneer", "ingredients": "", "stock": 83, "cost": 55, "brand": "", "prod_pic": "", "created_at": "2018-11-18T07:20:51.813Z", "updated_at": "2018-11-18T07:20:51.813Z"}}, {"model": "vendor.product", "pk": 69, "fields": {"category": 6, "prod_name": "Fruit Yoghurt", "ingredients": "", "stock": 43, "cost": 20, "brand": "", "prod_pic": "", "created_at": "2018-11-18T07:20:51.879Z", "updated_at": "2018-11-18T07:20:51.879Z"}}, {"model": "vendor.product", "pk": 70, "fields": {"category": 6, "prod_name": "Curd", "ingredients": "", "stock": 34, "cost": 20, "brand": "", "prod_pic": "", "created_at": "2018-11-18T07:20:51.935Z", "updated_at": "2018-11-18T07:20:51.935Z"}}, {"model": "vendor.product", "pk": 71, "fields": {"category": 6, "prod_name": "Lassi", "ingredients": "", "stock": 50, "cost": 20, "brand": "", "prod_pic": "", "created_at": "2018-11-18T07:20:51.974Z", "updated_at": "2018-11-18T07:20:51.974Z"}}, {"model": "vendor.product", "pk": 72, "fields": {"category": 6, "prod_name": "Buttermilk", "ingredients": "", "stock": 50, "cost": 12, "brand": "", "prod_pic": "documents/11_wMfLVJG.jpg", "created_at": "2018-11-18T07:20:52.014Z", "updated_at": "2018-12-11T04:07:24.207Z"}}, {"model": "vendor.product", "pk": 73, "fields": {"category": 6, "prod_name": "Butter", "ingredients": "", "stock": 64, "cost": 300, "brand": "", "prod_pic": "documents/9.jpg", "created_at": "2018-11-18T07:20:52.052Z", "updated_at": "2018-12-11T04:06:52.558Z"}}, {"model": "vendor.product", "pk": 74, "fields": {"category": 6, "prod_name": "Cheese", "ingredients": "", "stock": 83, "cost": 130, "brand": "", "prod_pic": "", "created_at": "2018-11-18T07:20:52.091Z", "updated_at": "2018-11-18T07:20:52.091Z"}}, {"model": "vendor.product", "pk": 75, "fields": {"category": 6, "prod_name": "Milk Shake", "ingredients": "", "stock": 82, "cost": 25, "brand": "", "prod_pic": "", "created_at": "2018-11-18T07:20:52.130Z", "updated_at": "2018-11-18T07:20:52.130Z"}}, {"model": "vendor.product", "pk": 76, "fields": {"category": 6, "prod_name": "Chocolate", "ingredients": "", "stock": 23, "cost": 150, "brand": "", "prod_pic": "", "created_at": "2018-11-18T07:20:52.168Z", "updated_at": "2018-11-18T07:20:52.168Z"}}, {"model": "vendor.product", "pk": 77, "fields": {"category": 6, "prod_name": "Toned Milk", "ingredients": "", "stock": 45, "cost": 20, "brand": "", "prod_pic": "", "created_at": "2018-11-18T07:20:52.207Z", "updated_at": "2018-11-18T07:20:52.207Z"}}, {"model": "vendor.product", "pk": 78, "fields": {"category": 6, "prod_name": "Cream", "ingredients": "", "stock": 64, "cost": 40, "brand": "", "prod_pic": "", "created_at": "2018-11-18T07:20:52.272Z", "updated_at": "2018-11-18T07:20:52.272Z"}}, {"model": "vendor.product", "pk": 79, "fields": {"category": 6, "prod_name": "Milk Powder", "ingredients": "", "stock": 24, "cost": 10, "brand": "", "prod_pic": "", "created_at": "2018-11-18T07:20:52.317Z", "updated_at": "2018-11-18T07:20:52.317Z"}}, {"model": "vendor.product", "pk": 80, "fields": {"category": 6, "prod_name": "Dairy Whitener", "ingredients": "", "stock": 24, "cost": 175, "brand": "", "prod_pic": "", "created_at": "2018-11-18T07:20:52.380Z", "updated_at": "2018-11-18T07:20:52.380Z"}}, {"model": "vendor.product", "pk": 81, "fields": {"category": 6, "prod_name": "Shrikhand", "ingredients": "", "stock": 83, "cost": 55, "brand": "", "prod_pic": "", "created_at": "2018-11-18T07:20:52.457Z", "updated_at": "2018-11-18T07:20:52.457Z"}}, {"model": "vendor.product", "pk": 82, "fields": {"category": 6, "prod_name": "Condensed Milk", "ingredients": "", "stock": 84, "cost": 90, "brand": "", "prod_pic": "", "created_at": "2018-11-18T07:20:52.537Z", "updated_at": "2018-11-18T07:20:52.537Z"}}, {"model": "vendor.product", "pk": 83, "fields": {"category": 6, "prod_name": "Whipped Cream", "ingredients": "", "stock": 74, "cost": 40, "brand": "", "prod_pic": "", "created_at": "2018-11-18T07:20:52.596Z", "updated_at": "2018-11-18T07:20:52.596Z"}}, {"model": "vendor.product", "pk": 84, "fields": {"category": 6, "prod_name": "khoya", "ingredients": "", "stock": 45, "cost": 80, "brand": "", "prod_pic": "", "created_at": "2018-11-18T07:20:52.635Z", "updated_at": "2018-11-18T07:20:52.636Z"}}, {"model": "vendor.product", "pk": 85, "fields": {"category": 6, "prod_name": "Milk", "ingredients": "", "stock": 38, "cost": 40, "brand": "", "prod_pic": "", "created_at": "2018-11-18T07:20:52.692Z", "updated_at": "2018-11-18T07:20:52.692Z"}}, {"model": "vendor.product", "pk": 86, "fields": {"category": 4, "prod_name": "Pomegranate", "ingredients": "", "stock": 34, "cost": 40, "brand": "", "prod_pic": "", "created_at": "2018-11-18T07:25:39.668Z", "updated_at": "2018-11-18T07:25:39.668Z"}}, {"model": "vendor.product", "pk": 87, "fields": {"category": 4, "prod_name": "Banana", "ingredients": "", "stock": 83, "cost": 40, "brand": "", "prod_pic": "documents/7_tMUC5iJ.jpg", "created_at": "2018-11-18T07:25:39.794Z", "updated_at": "2018-12-11T04:06:17.941Z"}}, {"model": "vendor.product", "pk": 88, "fields": {"category": 4, "prod_name": "Apple", "ingredients": "", "stock": 43, "cost": 120, "brand": "", "prod_pic": "documents/6.jpg", "created_at": "2018-11-18T07:25:39.823Z", "updated_at": "2018-12-11T04:06:08.497Z"}}, {"model": "vendor.product", "pk": 89, "fields": {"category": 4, "prod_name": "Papaya", "ingredients": "", "stock": 34, "cost": 35, "brand": "", "prod_pic": "documents/24.jpg", "created_at": "2018-11-18T07:25:39.862Z", "updated_at": "2018-12-11T04:09:28.992Z"}}, {"model": "vendor.product", "pk": 90, "fields": {"category": 4, "prod_name": "Sapota", "ingredients": "", "stock": 50, "cost": 75, "brand": "", "prod_pic": "", "created_at": "2018-11-18T07:25:39.901Z", "updated_at": "2018-11-18T07:25:39.902Z"}}, {"model": "vendor.product", "pk": 91, "fields": {"category": 4, "prod_name": "Mosambi", "ingredients": "", "stock": 50, "cost": 65, "brand": "", "prod_pic": "", "created_at": "2018-11-18T07:25:39.934Z", "updated_at": "2018-11-18T07:25:39.934Z"}}, {"model": "vendor.product", "pk": 92, "fields": {"category": 4, "prod_name": "Guava", "ingredients": "", "stock": 64, "cost": 100, "brand": "", "prod_pic": "", "created_at": "2018-11-18T07:25:39.966Z", "updated_at": "2018-11-18T07:25:39.966Z"}}, {"model": "vendor.product", "pk": 93, "fields": {"category": 4, "prod_name": "Watermelon", "ingredients": "", "stock": 83, "cost": 80, "brand": "", "prod_pic": "", "created_at": "2018-11-18T07:25:39.999Z", "updated_at": "2018-11-18T07:25:39.999Z"}}, {"model": "vendor.product", "pk": 94, "fields": {"category": 4, "prod_name": "Grapes", "ingredients": "", "stock": 82, "cost": 100, "brand": "", "prod_pic": "", "created_at": "2018-11-18T07:25:40.030Z", "updated_at": "2018-11-18T07:25:40.030Z"}}, {"model": "vendor.product", "pk": 95, "fields": {"category": 4, "prod_name": "Capsicum", "ingredients": "", "stock": 23, "cost": 10, "brand": "", "prod_pic": "documents/11_CAyNNBv.jpg", "created_at": "2018-11-18T07:25:40.063Z", "updated_at": "2018-12-11T04:07:56.225Z"}}, {"model": "vendor.product", "pk": 96, "fields": {"category": 4, "prod_name": "Lady Finger", "ingredients": "", "stock": 45, "cost": 10, "brand": "", "prod_pic": "", "created_at": "2018-11-18T07:25:40.094Z", "updated_at": "2018-11-18T07:25:40.094Z"}}, {"model": "vendor.product", "pk": 97, "fields": {"category": 4, "prod_name": "Tomato", "ingredients": "", "stock": 64, "cost": 5, "brand": "", "prod_pic": "", "created_at": "2018-11-18T07:25:40.128Z", "updated_at": "2018-11-18T07:25:40.128Z"}}, {"model": "vendor.product", "pk": 98, "fields": {"category": 4, "prod_name": "Carrot", "ingredients": "", "stock": 24, "cost": 75, "brand": "", "prod_pic": "documents/23.jpg", "created_at": "2018-11-18T07:25:40.168Z", "updated_at": "2018-12-11T04:08:11.024Z"}}, {"model": "vendor.product", "pk": 99, "fields": {"category": 4, "prod_name": "Cauliflower", "ingredients": "", "stock": 24, "cost": 30, "brand": "", "prod_pic": "documents/28.jpg", "created_at": "2018-11-18T07:25:40.199Z", "updated_at": "2018-12-11T04:08:29.920Z"}}, {"model": "vendor.product", "pk": 100, "fields": {"category": 4, "prod_name": "Onion", "ingredients": "", "stock": 83, "cost": 29, "brand": "", "prod_pic": "", "created_at": "2018-11-18T07:25:40.231Z", "updated_at": "2018-11-18T07:25:40.231Z"}}, {"model": "vendor.product", "pk": 101, "fields": {"category": 4, "prod_name": "Ginger", "ingredients": "", "stock": 84, "cost": 45, "brand": "", "prod_pic": "", "created_at": "2018-11-18T07:25:40.262Z", "updated_at": "2018-11-18T07:25:40.262Z"}}, {"model": "vendor.product", "pk": 102, "fields": {"category": 4, "prod_name": "Potato", "ingredients": "", "stock": 74, "cost": 30, "brand": "", "prod_pic": "", "created_at": "2018-11-18T07:25:40.295Z", "updated_at": "2018-11-18T07:25:40.295Z"}}, {"model": "vendor.product", "pk": 103, "fields": {"category": 4, "prod_name": "Cabbage", "ingredients": "", "stock": 45, "cost": 12, "brand": "", "prod_pic": "documents/12.jpg", "created_at": "2018-11-18T07:25:40.326Z", "updated_at": "2018-12-11T04:07:39.443Z"}}, {"model": "vendor.product", "pk": 104, "fields": {"category": 4, "prod_name": "Cucumber", "ingredients": "", "stock": 38, "cost": 14, "brand": "", "prod_pic": "documents/21.jpg", "created_at": "2018-11-18T07:25:40.365Z", "updated_at": "2018-12-11T04:08:54.532Z"}}, {"model": "vendor.product", "pk": 106, "fields": {"category": 2, "prod_name": "sddsd", "ingredients": "cdcs", "stock": 32, "cost": 2, "brand": "", "prod_pic": "documents/11.jpg", "created_at": "2018-11-18T18:11:10.732Z", "updated_at": "2018-11-18T18:11:10.732Z"}}, {"model": "vendor.product", "pk": 108, "fields": {"category": 3, "prod_name": "obelele", "ingredients": "", "stock": 100, "cost": 2999, "brand": "", "prod_pic": "", "created_at": "2018-11-28T10:32:37.253Z", "updated_at": "2018-11-28T10:32:37.253Z"}}, {"model": "vendor.product", "pk": 109, "fields": {"category": 3, "prod_name": "eed", "ingredients": "", "stock": 0, "cost": 21, "brand": "", "prod_pic": "", "created_at": "2018-12-08T11:32:15.296Z", "updated_at": "2018-12-08T11:32:15.296Z"}}, {"model": "vendor.product", "pk": 110, "fields": {"category": 2, "prod_name": "trial1", "ingredients": "", "stock": 0, "cost": 12, "brand": "", "prod_pic": "", "created_at": "2018-12-08T11:33:18.356Z", "updated_at": "2018-12-08T11:34:28.454Z"}}, {"model": "vendor.product", "pk": 111, "fields": {"category": 6, "prod_name": "Bread", "ingredients": "", "stock": 100, "cost": 26, "brand": "Modern", "prod_pic": "documents/8.jpg", "created_at": "2018-12-08T11:48:07.252Z", "updated_at": "2018-12-11T04:06:32.661Z"}}, {"model": "vendor.product", "pk": 112, "fields": {"category": 6, "prod_name": "Pasta", "ingredients": "", "stock": 100, "cost": 26, "brand": "Modern", "prod_pic": "", "created_at": "2018-12-11T11:44:17.551Z", "updated_at": "2018-12-11T11:44:17.551Z"}}, {"model": "vendor.product", "pk": 113, "fields": {"category": 6, "prod_name": "Maggi", "ingredients": "", "stock": 100, "cost": 26, "brand": "Nestle", "prod_pic": "", "created_at": "2018-12-11T11:47:08.314Z", "updated_at": "2018-12-11T11:47:08.314Z"}}, {"model": "auth.permission", "pk": 1, "fields": {"name": "Can add log entry", "content_type": 1, "codename": "add_logentry"}}, {"model": "auth.permission", "pk": 2, "fields": {"name": "Can change log entry", "content_type": 1, "codename": "change_logentry"}}, {"model": "auth.permission", "pk": 3, "fields": {"name": "Can delete log entry", "content_type": 1, "codename": "delete_logentry"}}, {"model": "auth.permission", "pk": 4, "fields": {"name": "Can view log entry", "content_type": 1, "codename": "view_logentry"}}, {"model": "auth.permission", "pk": 5, "fields": {"name": "Can add permission", "content_type": 2, "codename": "add_permission"}}, {"model": "auth.permission", "pk": 6, "fields": {"name": "Can change permission", "content_type": 2, "codename": "change_permission"}}, {"model": "auth.permission", "pk": 7, "fields": {"name": "Can delete permission", "content_type": 2, "codename": "delete_permission"}}, {"model": "auth.permission", "pk": 8, "fields": {"name": "Can view permission", "content_type": 2, "codename": "view_permission"}}, {"model": "auth.permission", "pk": 9, "fields": {"name": "Can add group", "content_type": 3, "codename": "add_group"}}, {"model": "auth.permission", "pk": 10, "fields": {"name": "Can change group", "content_type": 3, "codename": "change_group"}}, {"model": "auth.permission", "pk": 11, "fields": {"name": "Can delete group", "content_type": 3, "codename": "delete_group"}}, {"model": "auth.permission", "pk": 12, "fields": {"name": "Can view group", "content_type": 3, "codename": "view_group"}}, {"model": "auth.permission", "pk": 13, "fields": {"name": "Can add user", "content_type": 4, "codename": "add_user"}}, {"model": "auth.permission", "pk": 14, "fields": {"name": "Can change user", "content_type": 4, "codename": "change_user"}}, {"model": "auth.permission", "pk": 15, "fields": {"name": "Can delete user", "content_type": 4, "codename": "delete_user"}}, {"model": "auth.permission", "pk": 16, "fields": {"name": "Can view user", "content_type": 4, "codename": "view_user"}}, {"model": "auth.permission", "pk": 17, "fields": {"name": "Can add content type", "content_type": 5, "codename": "add_contenttype"}}, {"model": "auth.permission", "pk": 18, "fields": {"name": "Can change content type", "content_type": 5, "codename": "change_contenttype"}}, {"model": "auth.permission", "pk": 19, "fields": {"name": "Can delete content type", "content_type": 5, "codename": "delete_contenttype"}}, {"model": "auth.permission", "pk": 20, "fields": {"name": "Can view content type", "content_type": 5, "codename": "view_contenttype"}}, {"model": "auth.permission", "pk": 21, "fields": {"name": "Can add session", "content_type": 6, "codename": "add_session"}}, {"model": "auth.permission", "pk": 22, "fields": {"name": "Can change session", "content_type": 6, "codename": "change_session"}}, {"model": "auth.permission", "pk": 23, "fields": {"name": "Can delete session", "content_type": 6, "codename": "delete_session"}}, {"model": "auth.permission", "pk": 24, "fields": {"name": "Can view session", "content_type": 6, "codename": "view_session"}}, {"model": "auth.permission", "pk": 25, "fields": {"name": "Can add category", "content_type": 7, "codename": "add_category"}}, {"model": "auth.permission", "pk": 26, "fields": {"name": "Can change category", "content_type": 7, "codename": "change_category"}}, {"model": "auth.permission", "pk": 27, "fields": {"name": "Can delete category", "content_type": 7, "codename": "delete_category"}}, {"model": "auth.permission", "pk": 28, "fields": {"name": "Can view category", "content_type": 7, "codename": "view_category"}}, {"model": "auth.permission", "pk": 29, "fields": {"name": "Can add product", "content_type": 8, "codename": "add_product"}}, {"model": "auth.permission", "pk": 30, "fields": {"name": "Can change product", "content_type": 8, "codename": "change_product"}}, {"model": "auth.permission", "pk": 31, "fields": {"name": "Can delete product", "content_type": 8, "codename": "delete_product"}}, {"model": "auth.permission", "pk": 32, "fields": {"name": "Can view product", "content_type": 8, "codename": "view_product"}}, {"model": "auth.permission", "pk": 33, "fields": {"name": "Can add vendor_profile", "content_type": 9, "codename": "add_vendor_profile"}}, {"model": "auth.permission", "pk": 34, "fields": {"name": "Can change vendor_profile", "content_type": 9, "codename": "change_vendor_profile"}}, {"model": "auth.permission", "pk": 35, "fields": {"name": "Can delete vendor_profile", "content_type": 9, "codename": "delete_vendor_profile"}}, {"model": "auth.permission", "pk": 36, "fields": {"name": "Can view vendor_profile", "content_type": 9, "codename": "view_vendor_profile"}}, {"model": "auth.permission", "pk": 37, "fields": {"name": "Can add vendor profile", "content_type": 10, "codename": "add_vendorprofile"}}, {"model": "auth.permission", "pk": 38, "fields": {"name": "Can change vendor profile", "content_type": 10, "codename": "change_vendorprofile"}}, {"model": "auth.permission", "pk": 39, "fields": {"name": "Can delete vendor profile", "content_type": 10, "codename": "delete_vendorprofile"}}, {"model": "auth.permission", "pk": 40, "fields": {"name": "Can view vendor profile", "content_type": 10, "codename": "view_vendorprofile"}}, {"model": "auth.permission", "pk": 41, "fields": {"name": "Can add customer_profile", "content_type": 11, "codename": "add_customer_profile"}}, {"model": "auth.permission", "pk": 42, "fields": {"name": "Can change customer_profile", "content_type": 11, "codename": "change_customer_profile"}}, {"model": "auth.permission", "pk": 43, "fields": {"name": "Can delete customer_profile", "content_type": 11, "codename": "delete_customer_profile"}}, {"model": "auth.permission", "pk": 44, "fields": {"name": "Can view customer_profile", "content_type": 11, "codename": "view_customer_profile"}}, {"model": "auth.permission", "pk": 45, "fields": {"name": "Can add customer profile", "content_type": 12, "codename": "add_customerprofile"}}, {"model": "auth.permission", "pk": 46, "fields": {"name": "Can change customer profile", "content_type": 12, "codename": "change_customerprofile"}}, {"model": "auth.permission", "pk": 47, "fields": {"name": "Can delete customer profile", "content_type": 12, "codename": "delete_customerprofile"}}, {"model": "auth.permission", "pk": 48, "fields": {"name": "Can view customer profile", "content_type": 12, "codename": "view_customerprofile"}}, {"model": "auth.permission", "pk": 49, "fields": {"name": "Can add orderitem", "content_type": 13, "codename": "add_orderitem"}}, {"model": "auth.permission", "pk": 50, "fields": {"name": "Can change orderitem", "content_type": 13, "codename": "change_orderitem"}}, {"model": "auth.permission", "pk": 51, "fields": {"name": "Can delete orderitem", "content_type": 13, "codename": "delete_orderitem"}}, {"model": "auth.permission", "pk": 52, "fields": {"name": "Can view orderitem", "content_type": 13, "codename": "view_orderitem"}}, {"model": "auth.permission", "pk": 53, "fields": {"name": "Can add order", "content_type": 14, "codename": "add_order"}}, {"model": "auth.permission", "pk": 54, "fields": {"name": "Can change order", "content_type": 14, "codename": "change_order"}}, {"model": "auth.permission", "pk": 55, "fields": {"name": "Can delete order", "content_type": 14, "codename": "delete_order"}}, {"model": "auth.permission", "pk": 56, "fields": {"name": "Can view order", "content_type": 14, "codename": "view_order"}}, {"model": "auth.permission", "pk": 57, "fields": {"name": "Can add transaction", "content_type": 15, "codename": "add_transaction"}}, {"model": "auth.permission", "pk": 58, "fields": {"name": "Can change transaction", "content_type": 15, "codename": "change_transaction"}}, {"model": "auth.permission", "pk": 59, "fields": {"name": "Can delete transaction", "content_type": 15, "codename": "delete_transaction"}}, {"model": "auth.permission", "pk": 60, "fields": {"name": "Can view transaction", "content_type": 15, "codename": "view_transaction"}}, {"model": "auth.permission", "pk": 61, "fields": {"name": "Can add post", "content_type": 16, "codename": "add_post"}}, {"model": "auth.permission", "pk": 62, "fields": {"name": "Can change post", "content_type": 16, "codename": "change_post"}}, {"model": "auth.permission", "pk": 63, "fields": {"name": "Can delete post", "content_type": 16, "codename": "delete_post"}}, {"model": "auth.permission", "pk": 64, "fields": {"name": "Can view post", "content_type": 16, "codename": "view_post"}}, {"model": "auth.permission", "pk": 65, "fields": {"name": "Can add comment", "content_type": 17, "codename": "add_comment"}}, {"model": "auth.permission", "pk": 66, "fields": {"name": "Can change comment", "content_type": 17, "codename": "change_comment"}}, {"model": "auth.permission", "pk": 67, "fields": {"name": "Can delete comment", "content_type": 17, "codename": "delete_comment"}}, {"model": "auth.permission", "pk": 68, "fields": {"name": "Can view comment", "content_type": 17, "codename": "view_comment"}}, {"model": "auth.permission", "pk": 69, "fields": {"name": "Can add review", "content_type": 18, "codename": "add_review"}}, {"model": "auth.permission", "pk": 70, "fields": {"name": "Can change review", "content_type": 18, "codename": "change_review"}}, {"model": "auth.permission", "pk": 71, "fields": {"name": "Can delete review", "content_type": 18, "codename": "delete_review"}}, {"model": "auth.permission", "pk": 72, "fields": {"name": "Can view review", "content_type": 18, "codename": "view_review"}}, {"model": "auth.permission", "pk": 73, "fields": {"name": "Can add vendor qty", "content_type": 19, "codename": "add_vendorqty"}}, {"model": "auth.permission", "pk": 74, "fields": {"name": "Can change vendor qty", "content_type": 19, "codename": "change_vendorqty"}}, {"model": "auth.permission", "pk": 75, "fields": {"name": "Can delete vendor qty", "content_type": 19, "codename": "delete_vendorqty"}}, {"model": "auth.permission", "pk": 76, "fields": {"name": "Can view vendor qty", "content_type": 19, "codename": "view_vendorqty"}}, {"model": "auth.user", "pk": 58, "fields": {"password": "pbkdf2_sha256$120000$X1he3picd1uc$Z1bhlStlz+PjxK6Ao/aaDNFJkGoowGKrGC+ZGAaysBY=", "last_login": "2018-12-08T11:49:59.456Z", "is_superuser": true, "username": "jitesh", "first_name": "", "last_name": "", "email": "jiteshmalipeddi92@gmail.com", "is_staff": true, "is_active": true, "date_joined": "2018-11-11T12:30:30.074Z", "groups": [], "user_permissions": []}}, {"model": "auth.user", "pk": 64, "fields": {"password": "pbkdf2_sha256$120000$qCnA8n0LOV8z$lwA4kxeVyyb+sDzWrXahEzpW/X9b5xUUQfKrjl2On3w=", "last_login": "2018-12-08T12:00:58.029Z", "is_superuser": true, "username": "kage", "first_name": "Kushal", "last_name": "Jain", "email": "18kushaljain@gmail.com", "is_staff": true, "is_active": true, "date_joined": "2018-11-16T10:11:33.098Z", "groups": [], "user_permissions": []}}, {"model": "auth.user", "pk": 90, "fields": {"password": "pbkdf2_sha256$120000$ZIPgGYUZpaAW$sn2CJKM96PVRr+i3ZTY3A09zx4BLcceP3hs2movHgrA=", "last_login": "2018-11-18T10:28:49.854Z", "is_superuser": true, "username": "ankur", "first_name": "", "last_name": "", "email": "ankur@gmail.ocm", "is_staff": true, "is_active": true, "date_joined": "2018-11-18T03:02:18.802Z", "groups": [], "user_permissions": []}}, {"model": "auth.user", "pk": 109, "fields": {"password": "pbkdf2_sha256$120000$DrdrTWtP52K7$X4EjBH2TC9oH1qjzDZ3LzGmx7poOimI5Upgwmc4XTQY=", "last_login": "2018-12-08T11:49:10.915Z", "is_superuser": false, "username": "c1", "first_name": "Malipeddi", "last_name": "Jitesh", "email": "jiteshmalipeddi92@gmail.com", "is_staff": false, "is_active": true, "date_joined": "2018-11-25T05:46:53.314Z", "groups": [], "user_permissions": []}}, {"model": "auth.user", "pk": 111, "fields": {"password": "pbkdf2_sha256$120000$e2XtLcVpi734$7RY96gFX99UAcGsjQ6lHOEJ2v8VLMMdU5XXbOvDb2jY=", "last_login": "2018-12-12T06:08:08.989Z", "is_superuser": false, "username": "v1", "first_name": "M", "last_name": "J", "email": "jiteshmalipeddi92@gmail.com", "is_staff": false, "is_active": true, "date_joined": "2018-11-26T16:37:14.151Z", "groups": [], "user_permissions": []}}, {"model": "auth.user", "pk": 112, "fields": {"password": "pbkdf2_sha256$120000$InmsQNiBbKaJ$6ViBQLFhc0OGx3SAbtsqmNXXC89fE6oCx3tF6FfwM3o=", "last_login": "2018-12-12T06:27:27.057Z", "is_superuser": true, "username": "Kage", "first_name": "", "last_name": "", "email": "18kushaljain@gmail.com", "is_staff": true, "is_active": true, "date_joined": "2018-12-10T12:04:18.074Z", "groups": [], "user_permissions": []}}, {"model": "vendor.vendorqty", "pk": 3, "fields": {"Vendor": 111, "product": 110, "qty": 1}}, {"model": "vendor.vendorqty", "pk": 4, "fields": {"Vendor": 58, "product": 111, "qty": 990}}, {"model": "vendor.vendorqty", "pk": 5, "fields": {"Vendor": 58, "product": 88, "qty": 6}}, {"model": "vendor.vendorqty", "pk": 6, "fields": {"Vendor": 58, "product": 73, "qty": 12}}, {"model": "vendor.vendorqty", "pk": 7, "fields": {"Vendor": 64, "product": 111, "qty": 0}}, {"model": "vendor.vendorqty", "pk": 8, "fields": {"Vendor": 64, "product": 88, "qty": 0}}, {"model": "vendor.vendorqty", "pk": 9, "fields": {"Vendor": 112, "product": 43, "qty": 2}}, {"model": "vendor.vendorqty", "pk": 10, "fields": {"Vendor": 112, "product": 87, "qty": 26}}, {"model": "vendor.vendorqty", "pk": 11, "fields": {"Vendor": 112, "product": 103, "qty": 4}}, {"model": "vendor.vendorqty", "pk": 12, "fields": {"Vendor": 112, "product": 95, "qty": 27}}, {"model": "vendor.vendorqty", "pk": 13, "fields": {"Vendor": 112, "product": 98, "qty": 42}}, {"model": "vendor.vendorqty", "pk": 14, "fields": {"Vendor": 112, "product": 88, "qty": 13}}, {"model": "vendor.vendorqty", "pk": 15, "fields": {"Vendor": 112, "product": 47, "qty": 50}}, {"model": "vendor.vendorqty", "pk": 16, "fields": {"Vendor": 112, "product": 42, "qty": 12}}, {"model": "vendor.vendorqty", "pk": 17, "fields": {"Vendor": 112, "product": 111, "qty": 15}}, {"model": "vendor.vendorqty", "pk": 18, "fields": {"Vendor": 112, "product": 73, "qty": 45}}, {"model": "vendor.vendorqty", "pk": 19, "fields": {"Vendor": 112, "product": 72, "qty": 45}}, {"model": "vendor.vendorqty", "pk": 20, "fields": {"Vendor": 112, "product": 99, "qty": 46}}, {"model": "vendor.vendorqty", "pk": 21, "fields": {"Vendor": 112, "product": 104, "qty": 58}}, {"model": "vendor.vendorqty", "pk": 22, "fields": {"Vendor": 112, "product": 89, "qty": 0}}, {"model": "vendor.vendorprofile", "pk": 6, "fields": {"Vendor": 64, "phone_number": 9340143301}}, {"model": "vendor.vendorprofile", "pk": 7, "fields": {"Vendor": 58, "phone_number": 7995633460}}, {"model": "vendor.vendorprofile", "pk": 13, "fields": {"Vendor": 111, "phone_number": null}}, {"model": "vendor.vendorprofile", "pk": 14, "fields": {"Vendor": 112, "phone_number": 9340143387}}, {"model": "vendor.review", "pk": 1, "fields": {"category": 3, "product": 45, "customer": 109, "content": "Great", "rating": 4, "date": "2018-12-06T14:23:45.676Z"}}, {"model": "vendor.review", "pk": 2, "fields": {"category": 3, "product": 45, "customer": 109, "content": "Excellent", "rating": 6, "date": "2018-12-06T14:24:02.836Z"}}, {"model": "vendor.review", "pk": 3, "fields": {"category": 3, "product": 45, "customer": 109, "content": "sdoksflkmslfkdm", "rating": 5, "date": "2018-12-06T14:24:15.047Z"}}, {"model": "vendor.review", "pk": 4, "fields": {"category": 3, "product": 42, "customer": 64, "content": "qwqdwew", "rating": 12, "date": "2018-12-08T11:31:45.549Z"}}, {"model": "vendor.review", "pk": 5, "fields": {"category": 2, "product": 110, "customer": 111, "content": "Goooooood!1", "rating": 5, "date": "2018-12-08T11:35:30.730Z"}}, {"model": "vendor.review", "pk": 6, "fields": {"category": 3, "product": 42, "customer": 109, "content": "Great Product", "rating": 5, "date": "2018-12-08T11:49:26.988Z"}}, {"model": "cart.orderitem", "pk": 141, "fields": {"product": 95, "is_ordered": false, "date_added": "2018-12-12T08:54:12.889Z", "date_ordered": null, "qty": 2, "ref_code": "18121259590", "vendor": [112]}}, {"model": "cart.orderitem", "pk": 142, "fields": {"product": 104, "is_ordered": false, "date_added": "2018-12-12T08:54:51.209Z", "date_ordered": null, "qty": 3, "ref_code": "18121259590", "vendor": [112]}}, {"model": "cart.order", "pk": 56, "fields": {"owner": 85, "ref_code": "18121259590", "is_ordered": false, "date_ordered": null, "vendor": [112], "items": [141, 142]}}, {"model": "blog.post", "pk": 5, "fields": {"title": "My Post Ckeditor Template Test", "slugthing": "my-post-ckeditor-template-test", "author": 90, "body": "<p><img alt=\"\" src=\"/media/ckeditor_uploads/2018/11/18/whatsapp-image-2018-10-14-at-65326-pm.jpeg\" style=\"height:58px; width:115px\" />Lorem ip<strong>sum dolor sit amet, consectetuer adipiscing elit. Maecenas feugiat consequat diam. Maecenas metus. Vivamus diam purus, curs<s>us a, comm</s></strong><span style=\"color:#c0392b\"><s><strong>odo non, facilisis vitae, nulla. Aenean dictum lacinia tortor. Nunc iaculis, nibh non iaculis aliquam, orci felis euismod neque, sed ornare</strong> massa mauris se</s><em><s>d velit. Nulla pretium mi et risus. Fusce mi pede, tempor id, cursus ac, ullamcorper nec, enim. Sed tortor. Cura</s>bitur molestie<u>. Duis velit augue, con</u></em></span><span style=\"color:#27ae60\"><em><u>dimentum at, ultrices a, luctus ut, orci. Donec pellentesque egestas eros. Integer cursus, augue in cursus faucibus, eros pede </u>bibendum sem, in tem</em>pus tellus justo quis ligula. Etiam eget tortor. Vestibulum rutrum, est ut placerat elementum, lectus nisl aliquam velit, tempor aliquam eros nun</span>c nonummy metus. In eros metus, gravida a, gravida sed, lobortis id, turpis. Ut ultrices, ipsum at venenatis fringilla, sem nulla lacinia tellus, eget aliq</p>", "created": "2018-11-18T10:53:05.800Z", "updated": "2018-11-18T10:54:22.212Z", "status": "published", "likes": []}}, {"model": "admin.logentry", "pk": 132, "fields": {"action_time": "2018-11-12T08:20:11.126Z", "user": 58, "content_type": 4, "object_id": "49", "object_repr": "ankurCustomer2", "action_flag": 3, "change_message": ""}}, {"model": "admin.logentry", "pk": 133, "fields": {"action_time": "2018-11-12T08:20:12.033Z", "user": 58, "content_type": 4, "object_id": "52", "object_repr": "ankurCustomer3", "action_flag": 3, "change_message": ""}}, {"model": "admin.logentry", "pk": 134, "fields": {"action_time": "2018-11-12T08:20:12.063Z", "user": 58, "content_type": 4, "object_id": "50", "object_repr": "ankurVendor", "action_flag": 3, "change_message": ""}}, {"model": "admin.logentry", "pk": 135, "fields": {"action_time": "2018-11-12T08:20:12.090Z", "user": 58, "content_type": 4, "object_id": "51", "object_repr": "ankurVendor2", "action_flag": 3, "change_message": ""}}, {"model": "admin.logentry", "pk": 136, "fields": {"action_time": "2018-11-12T08:20:12.117Z", "user": 58, "content_type": 4, "object_id": "59", "object_repr": "c1", "action_flag": 3, "change_message": ""}}, {"model": "admin.logentry", "pk": 137, "fields": {"action_time": "2018-11-12T08:20:12.187Z", "user": 58, "content_type": 4, "object_id": "55", "object_repr": "cj", "action_flag": 3, "change_message": ""}}, {"model": "admin.logentry", "pk": 138, "fields": {"action_time": "2018-11-12T08:20:12.216Z", "user": 58, "content_type": 4, "object_id": "54", "object_repr": "custj", "action_flag": 3, "change_message": ""}}, {"model": "admin.logentry", "pk": 139, "fields": {"action_time": "2018-11-12T08:20:12.246Z", "user": 58, "content_type": 4, "object_id": "57", "object_repr": "vj", "action_flag": 3, "change_message": ""}}, {"model": "admin.logentry", "pk": 140, "fields": {"action_time": "2018-11-16T10:12:05.796Z", "user": 64, "content_type": 4, "object_id": "63", "object_repr": "abc", "action_flag": 3, "change_message": ""}}, {"model": "admin.logentry", "pk": 141, "fields": {"action_time": "2018-11-16T10:17:56.387Z", "user": 64, "content_type": 4, "object_id": "65", "object_repr": "abc", "action_flag": 3, "change_message": ""}}, {"model": "admin.logentry", "pk": 142, "fields": {"action_time": "2018-11-16T10:26:24.911Z", "user": 64, "content_type": 4, "object_id": "66", "object_repr": "abc", "action_flag": 3, "change_message": ""}}, {"model": "admin.logentry", "pk": 143, "fields": {"action_time": "2018-11-16T10:26:24.937Z", "user": 64, "content_type": 4, "object_id": "67", "object_repr": "abc1", "action_flag": 3, "change_message": ""}}, {"model": "admin.logentry", "pk": 144, "fields": {"action_time": "2018-11-16T10:46:25.988Z", "user": 64, "content_type": 4, "object_id": "68", "object_repr": "abc", "action_flag": 3, "change_message": ""}}, {"model": "admin.logentry", "pk": 145, "fields": {"action_time": "2018-11-16T10:46:26.069Z", "user": 64, "content_type": 4, "object_id": "69", "object_repr": "abc1", "action_flag": 3, "change_message": ""}}, {"model": "admin.logentry", "pk": 146, "fields": {"action_time": "2018-11-16T10:46:26.125Z", "user": 64, "content_type": 4, "object_id": "70", "object_repr": "abc2", "action_flag": 3, "change_message": ""}}, {"model": "admin.logentry", "pk": 147, "fields": {"action_time": "2018-11-16T10:46:26.157Z", "user": 64, "content_type": 4, "object_id": "71", "object_repr": "abc3", "action_flag": 3, "change_message": ""}}, {"model": "admin.logentry", "pk": 148, "fields": {"action_time": "2018-11-16T10:57:08.666Z", "user": 64, "content_type": 4, "object_id": "72", "object_repr": "abc", "action_flag": 3, "change_message": ""}}, {"model": "admin.logentry", "pk": 149, "fields": {"action_time": "2018-11-16T10:57:08.724Z", "user": 64, "content_type": 4, "object_id": "73", "object_repr": "abc1", "action_flag": 3, "change_message": ""}}, {"model": "admin.logentry", "pk": 150, "fields": {"action_time": "2018-11-16T11:39:22.387Z", "user": 64, "content_type": 4, "object_id": "74", "object_repr": "abc", "action_flag": 3, "change_message": ""}}, {"model": "admin.logentry", "pk": 151, "fields": {"action_time": "2018-11-16T11:39:22.478Z", "user": 64, "content_type": 4, "object_id": "76", "object_repr": "c3", "action_flag": 3, "change_message": ""}}, {"model": "admin.logentry", "pk": 152, "fields": {"action_time": "2018-11-16T20:11:00.509Z", "user": 64, "content_type": 4, "object_id": "80", "object_repr": "abc098", "action_flag": 3, "change_message": ""}}, {"model": "admin.logentry", "pk": 153, "fields": {"action_time": "2018-11-16T20:20:48.144Z", "user": 64, "content_type": 4, "object_id": "77", "object_repr": "c3", "action_flag": 3, "change_message": ""}}, {"model": "admin.logentry", "pk": 154, "fields": {"action_time": "2018-11-16T20:20:48.170Z", "user": 64, "content_type": 4, "object_id": "78", "object_repr": "kage123", "action_flag": 3, "change_message": ""}}, {"model": "admin.logentry", "pk": 155, "fields": {"action_time": "2018-11-16T20:20:48.193Z", "user": 64, "content_type": 4, "object_id": "79", "object_repr": "kage456", "action_flag": 3, "change_message": ""}}, {"model": "admin.logentry", "pk": 156, "fields": {"action_time": "2018-11-16T20:20:48.217Z", "user": 64, "content_type": 4, "object_id": "82", "object_repr": "qwerty1234", "action_flag": 3, "change_message": ""}}, {"model": "admin.logentry", "pk": 157, "fields": {"action_time": "2018-11-16T20:20:48.239Z", "user": 64, "content_type": 4, "object_id": "81", "object_repr": "qwerty12345", "action_flag": 3, "change_message": ""}}, {"model": "admin.logentry", "pk": 158, "fields": {"action_time": "2018-11-17T14:05:24.049Z", "user": 64, "content_type": 4, "object_id": "47", "object_repr": "ankurSuper", "action_flag": 3, "change_message": ""}}, {"model": "admin.logentry", "pk": 159, "fields": {"action_time": "2018-11-17T14:05:24.083Z", "user": 64, "content_type": 4, "object_id": "86", "object_repr": "c0", "action_flag": 3, "change_message": ""}}, {"model": "admin.logentry", "pk": 160, "fields": {"action_time": "2018-11-17T14:05:24.118Z", "user": 64, "content_type": 4, "object_id": "60", "object_repr": "c1", "action_flag": 3, "change_message": ""}}, {"model": "admin.logentry", "pk": 161, "fields": {"action_time": "2018-11-17T14:05:24.151Z", "user": 64, "content_type": 4, "object_id": "61", "object_repr": "c2", "action_flag": 3, "change_message": ""}}, {"model": "admin.logentry", "pk": 162, "fields": {"action_time": "2018-11-17T14:05:24.182Z", "user": 64, "content_type": 4, "object_id": "83", "object_repr": "c3", "action_flag": 3, "change_message": ""}}, {"model": "admin.logentry", "pk": 163, "fields": {"action_time": "2018-11-17T14:05:24.220Z", "user": 64, "content_type": 4, "object_id": "84", "object_repr": "c4", "action_flag": 3, "change_message": ""}}, {"model": "admin.logentry", "pk": 164, "fields": {"action_time": "2018-11-17T14:05:24.275Z", "user": 64, "content_type": 4, "object_id": "85", "object_repr": "c5", "action_flag": 3, "change_message": ""}}, {"model": "admin.logentry", "pk": 165, "fields": {"action_time": "2018-11-17T14:05:24.309Z", "user": 64, "content_type": 4, "object_id": "62", "object_repr": "cus", "action_flag": 3, "change_message": ""}}, {"model": "admin.logentry", "pk": 166, "fields": {"action_time": "2018-11-17T14:05:24.343Z", "user": 64, "content_type": 4, "object_id": "75", "object_repr": "ven", "action_flag": 3, "change_message": ""}}, {"model": "admin.logentry", "pk": 167, "fields": {"action_time": "2018-11-17T14:05:53.254Z", "user": 64, "content_type": 13, "object_id": "76", "object_repr": "Cadbury Diary Milk", "action_flag": 3, "change_message": ""}}, {"model": "admin.logentry", "pk": 168, "fields": {"action_time": "2018-11-17T14:05:53.312Z", "user": 64, "content_type": 13, "object_id": "75", "object_repr": "Cadbury 5 Star", "action_flag": 3, "change_message": ""}}, {"model": "admin.logentry", "pk": 169, "fields": {"action_time": "2018-11-17T14:05:53.351Z", "user": 64, "content_type": 13, "object_id": "73", "object_repr": "Parle Hide and Seek", "action_flag": 3, "change_message": ""}}, {"model": "admin.logentry", "pk": 170, "fields": {"action_time": "2018-11-17T14:05:53.384Z", "user": 64, "content_type": 13, "object_id": "72", "object_repr": "Cadbury Diary Milk", "action_flag": 3, "change_message": ""}}, {"model": "admin.logentry", "pk": 171, "fields": {"action_time": "2018-11-17T14:05:53.418Z", "user": 64, "content_type": 13, "object_id": "71", "object_repr": "Kinder Joy (for boys)", "action_flag": 3, "change_message": ""}}, {"model": "admin.logentry", "pk": 172, "fields": {"action_time": "2018-11-17T14:05:53.451Z", "user": 64, "content_type": 13, "object_id": "69", "object_repr": "Cadbury 5 Star", "action_flag": 3, "change_message": ""}}, {"model": "admin.logentry", "pk": 173, "fields": {"action_time": "2018-11-17T14:05:53.488Z", "user": 64, "content_type": 13, "object_id": "68", "object_repr": "Parle Hide and Seek", "action_flag": 3, "change_message": ""}}, {"model": "admin.logentry", "pk": 174, "fields": {"action_time": "2018-11-17T14:05:53.546Z", "user": 64, "content_type": 13, "object_id": "67", "object_repr": "Cadbury Diary Milk", "action_flag": 3, "change_message": ""}}, {"model": "admin.logentry", "pk": 175, "fields": {"action_time": "2018-11-17T14:05:53.618Z", "user": 64, "content_type": 13, "object_id": "66", "object_repr": "Cadbury Diary Milk", "action_flag": 3, "change_message": ""}}, {"model": "admin.logentry", "pk": 176, "fields": {"action_time": "2018-11-17T14:05:53.651Z", "user": 64, "content_type": 13, "object_id": "65", "object_repr": "Cadbury Diary Milk", "action_flag": 3, "change_message": ""}}, {"model": "admin.logentry", "pk": 177, "fields": {"action_time": "2018-11-17T14:05:53.704Z", "user": 64, "content_type": 13, "object_id": "64", "object_repr": "Parle Hide and Seek", "action_flag": 3, "change_message": ""}}, {"model": "admin.logentry", "pk": 178, "fields": {"action_time": "2018-11-17T14:05:53.761Z", "user": 64, "content_type": 13, "object_id": "63", "object_repr": "Kinder Joy (for boys)", "action_flag": 3, "change_message": ""}}, {"model": "admin.logentry", "pk": 179, "fields": {"action_time": "2018-11-17T14:05:53.804Z", "user": 64, "content_type": 13, "object_id": "62", "object_repr": "Cadbury Diary Milk", "action_flag": 3, "change_message": ""}}, {"model": "admin.logentry", "pk": 180, "fields": {"action_time": "2018-11-17T14:05:53.839Z", "user": 64, "content_type": 13, "object_id": "61", "object_repr": "Cadbury Diary Milk", "action_flag": 3, "change_message": ""}}, {"model": "admin.logentry", "pk": 181, "fields": {"action_time": "2018-11-17T14:05:53.873Z", "user": 64, "content_type": 13, "object_id": "60", "object_repr": "Cadbury 5 Star", "action_flag": 3, "change_message": ""}}, {"model": "admin.logentry", "pk": 182, "fields": {"action_time": "2018-11-17T14:05:53.934Z", "user": 64, "content_type": 13, "object_id": "59", "object_repr": "Parle Hide and Seek", "action_flag": 3, "change_message": ""}}, {"model": "admin.logentry", "pk": 183, "fields": {"action_time": "2018-11-17T14:05:53.985Z", "user": 64, "content_type": 13, "object_id": "58", "object_repr": "item 104", "action_flag": 3, "change_message": ""}}, {"model": "admin.logentry", "pk": 184, "fields": {"action_time": "2018-11-17T14:05:54.022Z", "user": 64, "content_type": 13, "object_id": "57", "object_repr": "Parle Hide and Seek", "action_flag": 3, "change_message": ""}}, {"model": "admin.logentry", "pk": 185, "fields": {"action_time": "2018-11-17T14:05:54.056Z", "user": 64, "content_type": 13, "object_id": "56", "object_repr": "Kinder Joy (for boys)", "action_flag": 3, "change_message": ""}}, {"model": "admin.logentry", "pk": 186, "fields": {"action_time": "2018-11-17T14:05:54.098Z", "user": 64, "content_type": 13, "object_id": "55", "object_repr": "item 101", "action_flag": 3, "change_message": ""}}, {"model": "admin.logentry", "pk": 187, "fields": {"action_time": "2018-11-17T14:05:54.145Z", "user": 64, "content_type": 13, "object_id": "54", "object_repr": "Nestle Choco Kitkat", "action_flag": 3, "change_message": ""}}, {"model": "admin.logentry", "pk": 188, "fields": {"action_time": "2018-11-17T14:05:54.168Z", "user": 64, "content_type": 13, "object_id": "53", "object_repr": "item 101", "action_flag": 3, "change_message": ""}}, {"model": "admin.logentry", "pk": 189, "fields": {"action_time": "2018-11-17T14:05:54.211Z", "user": 64, "content_type": 13, "object_id": "52", "object_repr": "Sunfeast Dark Fantasy", "action_flag": 3, "change_message": ""}}, {"model": "admin.logentry", "pk": 190, "fields": {"action_time": "2018-11-17T14:05:54.233Z", "user": 64, "content_type": 13, "object_id": "51", "object_repr": "Parle Hide and Seek", "action_flag": 3, "change_message": ""}}, {"model": "admin.logentry", "pk": 191, "fields": {"action_time": "2018-11-17T14:05:54.258Z", "user": 64, "content_type": 13, "object_id": "50", "object_repr": "Kinder Joy (for boys)", "action_flag": 3, "change_message": ""}}, {"model": "admin.logentry", "pk": 192, "fields": {"action_time": "2018-11-17T14:05:54.299Z", "user": 64, "content_type": 13, "object_id": "48", "object_repr": "Cadbury 5 Star", "action_flag": 3, "change_message": ""}}, {"model": "admin.logentry", "pk": 193, "fields": {"action_time": "2018-11-17T14:05:54.320Z", "user": 64, "content_type": 13, "object_id": "47", "object_repr": "Cadbury Diary Milk", "action_flag": 3, "change_message": ""}}, {"model": "admin.logentry", "pk": 194, "fields": {"action_time": "2018-11-17T14:06:05.393Z", "user": 64, "content_type": 14, "object_id": "20", "object_repr": "kage -- 18111713064", "action_flag": 3, "change_message": ""}}, {"model": "admin.logentry", "pk": 195, "fields": {"action_time": "2018-11-17T14:06:05.440Z", "user": 64, "content_type": 14, "object_id": "19", "object_repr": "kage -- 18111727724", "action_flag": 3, "change_message": ""}}, {"model": "admin.logentry", "pk": 196, "fields": {"action_time": "2018-11-17T14:06:05.471Z", "user": 64, "content_type": 14, "object_id": "18", "object_repr": "kage -- 1811177696", "action_flag": 3, "change_message": ""}}, {"model": "admin.logentry", "pk": 197, "fields": {"action_time": "2018-11-17T14:06:05.494Z", "user": 64, "content_type": 14, "object_id": "17", "object_repr": "kage -- 18111642397", "action_flag": 3, "change_message": ""}}, {"model": "admin.logentry", "pk": 198, "fields": {"action_time": "2018-11-17T14:06:05.516Z", "user": 64, "content_type": 14, "object_id": "16", "object_repr": "None -- 18111658053", "action_flag": 3, "change_message": ""}}, {"model": "admin.logentry", "pk": 199, "fields": {"action_time": "2018-11-17T14:06:05.539Z", "user": 64, "content_type": 14, "object_id": "15", "object_repr": "None -- 18111640178", "action_flag": 3, "change_message": ""}}, {"model": "admin.logentry", "pk": 200, "fields": {"action_time": "2018-11-17T14:06:05.561Z", "user": 64, "content_type": 14, "object_id": "14", "object_repr": "None -- 18111412356", "action_flag": 3, "change_message": ""}}, {"model": "admin.logentry", "pk": 201, "fields": {"action_time": "2018-11-17T14:06:05.597Z", "user": 64, "content_type": 14, "object_id": "13", "object_repr": "None -- 18111239047", "action_flag": 3, "change_message": ""}}, {"model": "admin.logentry", "pk": 202, "fields": {"action_time": "2018-11-17T14:06:05.620Z", "user": 64, "content_type": 14, "object_id": "12", "object_repr": "None -- 18111258828", "action_flag": 3, "change_message": ""}}, {"model": "admin.logentry", "pk": 203, "fields": {"action_time": "2018-11-17T14:06:05.640Z", "user": 64, "content_type": 14, "object_id": "11", "object_repr": "None -- 1811126637", "action_flag": 3, "change_message": ""}}, {"model": "admin.logentry", "pk": 204, "fields": {"action_time": "2018-11-17T14:06:05.666Z", "user": 64, "content_type": 14, "object_id": "10", "object_repr": "None -- 18111250867", "action_flag": 3, "change_message": ""}}, {"model": "admin.logentry", "pk": 205, "fields": {"action_time": "2018-11-17T14:06:05.699Z", "user": 64, "content_type": 14, "object_id": "9", "object_repr": "None -- 18111222269", "action_flag": 3, "change_message": ""}}, {"model": "admin.logentry", "pk": 206, "fields": {"action_time": "2018-11-17T14:06:05.726Z", "user": 64, "content_type": 14, "object_id": "8", "object_repr": "None -- 18111113691", "action_flag": 3, "change_message": ""}}, {"model": "admin.logentry", "pk": 207, "fields": {"action_time": "2018-11-17T14:06:36.327Z", "user": 64, "content_type": 15, "object_id": "7", "object_repr": "18111727724", "action_flag": 3, "change_message": ""}}, {"model": "admin.logentry", "pk": 208, "fields": {"action_time": "2018-11-17T14:06:36.366Z", "user": 64, "content_type": 15, "object_id": "6", "object_repr": "1811177696", "action_flag": 3, "change_message": ""}}, {"model": "admin.logentry", "pk": 209, "fields": {"action_time": "2018-11-17T14:06:36.406Z", "user": 64, "content_type": 15, "object_id": "5", "object_repr": "18111642397", "action_flag": 3, "change_message": ""}}, {"model": "admin.logentry", "pk": 210, "fields": {"action_time": "2018-11-17T14:07:26.920Z", "user": 64, "content_type": 10, "object_id": "6", "object_repr": "kage", "action_flag": 1, "change_message": "[{\"added\": {}}]"}}, {"model": "admin.logentry", "pk": 211, "fields": {"action_time": "2018-11-17T14:07:41.202Z", "user": 64, "content_type": 10, "object_id": "7", "object_repr": "jitesh", "action_flag": 1, "change_message": "[{\"added\": {}}]"}}, {"model": "admin.logentry", "pk": 212, "fields": {"action_time": "2018-11-17T16:21:43.058Z", "user": 64, "content_type": 8, "object_id": "65", "object_repr": "Toothpaste", "action_flag": 3, "change_message": ""}}, {"model": "admin.logentry", "pk": 213, "fields": {"action_time": "2018-11-18T03:11:50.889Z", "user": 90, "content_type": 4, "object_id": "91", "object_repr": "ankurCustomer", "action_flag": 3, "change_message": ""}}, {"model": "admin.logentry", "pk": 214, "fields": {"action_time": "2018-11-18T03:17:36.606Z", "user": 90, "content_type": 4, "object_id": "92", "object_repr": "ankurCustomer", "action_flag": 3, "change_message": ""}}, {"model": "admin.logentry", "pk": 215, "fields": {"action_time": "2018-11-18T03:20:01.013Z", "user": 90, "content_type": 4, "object_id": "93", "object_repr": "ankurCustomer", "action_flag": 3, "change_message": ""}}, {"model": "admin.logentry", "pk": 216, "fields": {"action_time": "2018-11-18T03:22:23.908Z", "user": 90, "content_type": 4, "object_id": "94", "object_repr": "ankurCustomer", "action_flag": 3, "change_message": ""}}, {"model": "admin.logentry", "pk": 217, "fields": {"action_time": "2018-11-18T10:40:25.968Z", "user": 90, "content_type": 16, "object_id": "4", "object_repr": "My Post Ckeditor Test", "action_flag": 1, "change_message": "[{\"added\": {}}]"}}, {"model": "admin.logentry", "pk": 218, "fields": {"action_time": "2018-11-25T05:45:27.757Z", "user": 58, "content_type": 4, "object_id": "95", "object_repr": "ankurCustomer", "action_flag": 3, "change_message": ""}}, {"model": "admin.logentry", "pk": 219, "fields": {"action_time": "2018-11-25T05:45:28.903Z", "user": 58, "content_type": 4, "object_id": "96", "object_repr": "ankurCustomer2", "action_flag": 3, "change_message": ""}}, {"model": "admin.logentry", "pk": 220, "fields": {"action_time": "2018-11-25T05:45:28.962Z", "user": 58, "content_type": 4, "object_id": "97", "object_repr": "ankurCustomer3", "action_flag": 3, "change_message": ""}}, {"model": "admin.logentry", "pk": 221, "fields": {"action_time": "2018-11-25T05:45:29.234Z", "user": 58, "content_type": 4, "object_id": "98", "object_repr": "ankurCustomer5", "action_flag": 3, "change_message": ""}}, {"model": "admin.logentry", "pk": 222, "fields": {"action_time": "2018-11-25T05:45:29.546Z", "user": 58, "content_type": 4, "object_id": "99", "object_repr": "ankurCustomer67", "action_flag": 3, "change_message": ""}}, {"model": "admin.logentry", "pk": 223, "fields": {"action_time": "2018-11-25T05:45:29.882Z", "user": 58, "content_type": 4, "object_id": "87", "object_repr": "c1", "action_flag": 3, "change_message": ""}}, {"model": "admin.logentry", "pk": 224, "fields": {"action_time": "2018-11-25T05:45:30.207Z", "user": 58, "content_type": 4, "object_id": "107", "object_repr": "c11", "action_flag": 3, "change_message": ""}}, {"model": "admin.logentry", "pk": 225, "fields": {"action_time": "2018-11-25T05:45:30.532Z", "user": 58, "content_type": 4, "object_id": "108", "object_repr": "c12", "action_flag": 3, "change_message": ""}}, {"model": "admin.logentry", "pk": 226, "fields": {"action_time": "2018-11-25T05:45:30.697Z", "user": 58, "content_type": 4, "object_id": "100", "object_repr": "c_test", "action_flag": 3, "change_message": ""}}, {"model": "admin.logentry", "pk": 227, "fields": {"action_time": "2018-11-25T05:45:30.917Z", "user": 58, "content_type": 4, "object_id": "101", "object_repr": "c_test1", "action_flag": 3, "change_message": ""}}, {"model": "admin.logentry", "pk": 228, "fields": {"action_time": "2018-11-25T05:45:30.955Z", "user": 58, "content_type": 4, "object_id": "102", "object_repr": "c_test2", "action_flag": 3, "change_message": ""}}, {"model": "admin.logentry", "pk": 229, "fields": {"action_time": "2018-11-25T05:45:31.009Z", "user": 58, "content_type": 4, "object_id": "106", "object_repr": "jitesh_customer", "action_flag": 3, "change_message": ""}}, {"model": "admin.logentry", "pk": 230, "fields": {"action_time": "2018-11-25T05:45:31.036Z", "user": 58, "content_type": 4, "object_id": "103", "object_repr": "newcus1", "action_flag": 3, "change_message": ""}}, {"model": "admin.logentry", "pk": 231, "fields": {"action_time": "2018-11-25T05:45:31.065Z", "user": 58, "content_type": 4, "object_id": "89", "object_repr": "newven", "action_flag": 3, "change_message": ""}}, {"model": "admin.logentry", "pk": 232, "fields": {"action_time": "2018-11-25T05:45:31.092Z", "user": 58, "content_type": 4, "object_id": "88", "object_repr": "v1", "action_flag": 3, "change_message": ""}}, {"model": "admin.logentry", "pk": 233, "fields": {"action_time": "2018-11-25T05:45:31.135Z", "user": 58, "content_type": 4, "object_id": "104", "object_repr": "v2", "action_flag": 3, "change_message": ""}}, {"model": "admin.logentry", "pk": 234, "fields": {"action_time": "2018-11-25T05:45:31.169Z", "user": 58, "content_type": 4, "object_id": "105", "object_repr": "vend1", "action_flag": 3, "change_message": ""}}, {"model": "admin.logentry", "pk": 235, "fields": {"action_time": "2018-11-26T16:32:39.505Z", "user": 58, "content_type": 4, "object_id": "110", "object_repr": "v1", "action_flag": 3, "change_message": ""}}, {"model": "admin.logentry", "pk": 236, "fields": {"action_time": "2018-12-10T12:05:43.561Z", "user": 112, "content_type": 10, "object_id": "14", "object_repr": "Kage", "action_flag": 1, "change_message": "[{\"added\": {}}]"}}, {"model": "admin.logentry", "pk": 237, "fields": {"action_time": "2018-12-11T13:27:40.014Z", "user": 112, "content_type": 14, "object_id": "50", "object_repr": "Kage -- 18121011178", "action_flag": 3, "change_message": ""}}, {"model": "admin.logentry", "pk": 238, "fields": {"action_time": "2018-12-11T13:27:40.034Z", "user": 112, "content_type": 14, "object_id": "48", "object_repr": "Kage -- ", "action_flag": 3, "change_message": ""}}, {"model": "admin.logentry", "pk": 239, "fields": {"action_time": "2018-12-11T13:27:40.054Z", "user": 112, "content_type": 14, "object_id": "42", "object_repr": "None -- 18111811780", "action_flag": 3, "change_message": ""}}, {"model": "admin.logentry", "pk": 240, "fields": {"action_time": "2018-12-11T13:27:40.069Z", "user": 112, "content_type": 14, "object_id": "41", "object_repr": "None -- 18111848987", "action_flag": 3, "change_message": ""}}, {"model": "admin.logentry", "pk": 241, "fields": {"action_time": "2018-12-11T13:27:40.141Z", "user": 112, "content_type": 14, "object_id": "40", "object_repr": "None -- 1811187474", "action_flag": 3, "change_message": ""}}, {"model": "admin.logentry", "pk": 242, "fields": {"action_time": "2018-12-11T13:27:40.157Z", "user": 112, "content_type": 14, "object_id": "39", "object_repr": "None -- 18111811256", "action_flag": 3, "change_message": ""}}, {"model": "admin.logentry", "pk": 243, "fields": {"action_time": "2018-12-11T13:27:40.177Z", "user": 112, "content_type": 14, "object_id": "38", "object_repr": "None -- 18111851220", "action_flag": 3, "change_message": ""}}, {"model": "admin.logentry", "pk": 244, "fields": {"action_time": "2018-12-11T13:27:40.193Z", "user": 112, "content_type": 14, "object_id": "37", "object_repr": "None -- 18111826085", "action_flag": 3, "change_message": ""}}, {"model": "admin.logentry", "pk": 245, "fields": {"action_time": "2018-12-11T13:27:40.205Z", "user": 112, "content_type": 14, "object_id": "36", "object_repr": "None -- 18111849849", "action_flag": 3, "change_message": ""}}, {"model": "admin.logentry", "pk": 246, "fields": {"action_time": "2018-12-11T13:27:40.221Z", "user": 112, "content_type": 14, "object_id": "35", "object_repr": "None -- 18111844280", "action_flag": 3, "change_message": ""}}, {"model": "admin.logentry", "pk": 247, "fields": {"action_time": "2018-12-11T13:27:40.249Z", "user": 112, "content_type": 14, "object_id": "34", "object_repr": "None -- 18111812630", "action_flag": 3, "change_message": ""}}, {"model": "admin.logentry", "pk": 248, "fields": {"action_time": "2018-12-11T13:27:40.261Z", "user": 112, "content_type": 14, "object_id": "33", "object_repr": "None -- 18111842539", "action_flag": 3, "change_message": ""}}, {"model": "admin.logentry", "pk": 249, "fields": {"action_time": "2018-12-11T13:27:40.277Z", "user": 112, "content_type": 14, "object_id": "32", "object_repr": "None -- 1811187190", "action_flag": 3, "change_message": ""}}, {"model": "admin.logentry", "pk": 250, "fields": {"action_time": "2018-12-11T13:57:13.448Z", "user": 112, "content_type": 14, "object_id": "23", "object_repr": "None -- 18111751208", "action_flag": 3, "change_message": ""}}, {"model": "admin.logentry", "pk": 251, "fields": {"action_time": "2018-12-11T13:57:13.464Z", "user": 112, "content_type": 14, "object_id": "22", "object_repr": "None -- 18111754344", "action_flag": 3, "change_message": ""}}, {"model": "admin.logentry", "pk": 252, "fields": {"action_time": "2018-12-11T13:57:13.480Z", "user": 112, "content_type": 14, "object_id": "21", "object_repr": "None -- 18111733364", "action_flag": 3, "change_message": ""}}, {"model": "admin.logentry", "pk": 253, "fields": {"action_time": "2018-12-11T14:07:39.431Z", "user": 112, "content_type": 14, "object_id": "26", "object_repr": "kage -- 1811183917", "action_flag": 3, "change_message": ""}}, {"model": "admin.logentry", "pk": 254, "fields": {"action_time": "2018-12-11T14:07:39.451Z", "user": 112, "content_type": 14, "object_id": "25", "object_repr": "kage -- 18111837401", "action_flag": 3, "change_message": ""}}, {"model": "admin.logentry", "pk": 255, "fields": {"action_time": "2018-12-12T07:07:23.473Z", "user": 112, "content_type": 14, "object_id": "55", "object_repr": "Kage -- ", "action_flag": 3, "change_message": ""}}, {"model": "admin.logentry", "pk": 256, "fields": {"action_time": "2018-12-12T07:07:23.493Z", "user": 112, "content_type": 14, "object_id": "54", "object_repr": "Kage -- 18121139585", "action_flag": 3, "change_message": ""}}, {"model": "admin.logentry", "pk": 257, "fields": {"action_time": "2018-12-12T07:07:23.513Z", "user": 112, "content_type": 14, "object_id": "53", "object_repr": "Kage -- 18121016978", "action_flag": 3, "change_message": ""}}, {"model": "admin.logentry", "pk": 258, "fields": {"action_time": "2018-12-12T07:07:23.529Z", "user": 112, "content_type": 14, "object_id": "52", "object_repr": "Kage -- 18121011286", "action_flag": 3, "change_message": ""}}, {"model": "admin.logentry", "pk": 259, "fields": {"action_time": "2018-12-12T07:07:23.545Z", "user": 112, "content_type": 14, "object_id": "51", "object_repr": "Kage -- 18121022058", "action_flag": 3, "change_message": ""}}, {"model": "admin.logentry", "pk": 260, "fields": {"action_time": "2018-12-12T07:07:23.565Z", "user": 112, "content_type": 14, "object_id": "49", "object_repr": "Kage -- 18121023011", "action_flag": 3, "change_message": ""}}, {"model": "admin.logentry", "pk": 261, "fields": {"action_time": "2018-12-12T07:07:23.581Z", "user": 112, "content_type": 14, "object_id": "47", "object_repr": "v1 -- 18112625293", "action_flag": 3, "change_message": ""}}, {"model": "admin.logentry", "pk": 262, "fields": {"action_time": "2018-12-12T07:07:23.601Z", "user": 112, "content_type": 14, "object_id": "46", "object_repr": "c1 -- 18112656406", "action_flag": 3, "change_message": ""}}, {"model": "admin.logentry", "pk": 263, "fields": {"action_time": "2018-12-12T07:07:23.637Z", "user": 112, "content_type": 14, "object_id": "45", "object_repr": "c1 -- 18112546469", "action_flag": 3, "change_message": ""}}, {"model": "admin.logentry", "pk": 264, "fields": {"action_time": "2018-12-12T07:07:23.653Z", "user": 112, "content_type": 14, "object_id": "44", "object_repr": "kage -- 18111812192", "action_flag": 3, "change_message": ""}}, {"model": "admin.logentry", "pk": 265, "fields": {"action_time": "2018-12-12T07:07:23.669Z", "user": 112, "content_type": 14, "object_id": "43", "object_repr": "kage -- 18111833625", "action_flag": 3, "change_message": ""}}, {"model": "admin.logentry", "pk": 266, "fields": {"action_time": "2018-12-12T07:07:23.689Z", "user": 112, "content_type": 14, "object_id": "31", "object_repr": "jitesh -- 18111821582", "action_flag": 3, "change_message": ""}}, {"model": "admin.logentry", "pk": 267, "fields": {"action_time": "2018-12-12T07:07:23.701Z", "user": 112, "content_type": 14, "object_id": "30", "object_repr": "kage -- 18111856912", "action_flag": 3, "change_message": ""}}, {"model": "admin.logentry", "pk": 268, "fields": {"action_time": "2018-12-12T07:07:23.717Z", "user": 112, "content_type": 14, "object_id": "29", "object_repr": "kage -- 18111824247", "action_flag": 3, "change_message": ""}}, {"model": "admin.logentry", "pk": 269, "fields": {"action_time": "2018-12-12T07:07:23.737Z", "user": 112, "content_type": 14, "object_id": "28", "object_repr": "kage -- 18111820903", "action_flag": 3, "change_message": ""}}, {"model": "admin.logentry", "pk": 270, "fields": {"action_time": "2018-12-12T07:07:23.753Z", "user": 112, "content_type": 14, "object_id": "27", "object_repr": "kage -- 18111833746", "action_flag": 3, "change_message": ""}}, {"model": "admin.logentry", "pk": 271, "fields": {"action_time": "2018-12-12T07:07:23.769Z", "user": 112, "content_type": 14, "object_id": "24", "object_repr": "kage -- 18111823529", "action_flag": 3, "change_message": ""}}, {"model": "admin.logentry", "pk": 272, "fields": {"action_time": "2018-12-12T07:11:14.116Z", "user": 112, "content_type": 13, "object_id": "139", "object_repr": "Fruit Yoghurt", "action_flag": 1, "change_message": "[{\"added\": {}}]"}}, {"model": "admin.logentry", "pk": 273, "fields": {"action_time": "2018-12-12T08:43:59.179Z", "user": 112, "content_type": 15, "object_id": "36", "object_repr": "18121139585", "action_flag": 3, "change_message": ""}}, {"model": "admin.logentry", "pk": 274, "fields": {"action_time": "2018-12-12T08:43:59.197Z", "user": 112, "content_type": 15, "object_id": "35", "object_repr": "18121016978", "action_flag": 3, "change_message": ""}}, {"model": "admin.logentry", "pk": 275, "fields": {"action_time": "2018-12-12T08:43:59.218Z", "user": 112, "content_type": 15, "object_id": "34", "object_repr": "18121011286", "action_flag": 3, "change_message": ""}}, {"model": "admin.logentry", "pk": 276, "fields": {"action_time": "2018-12-12T08:43:59.239Z", "user": 112, "content_type": 15, "object_id": "33", "object_repr": "18121022058", "action_flag": 3, "change_message": ""}}, {"model": "admin.logentry", "pk": 277, "fields": {"action_time": "2018-12-12T08:43:59.255Z", "user": 112, "content_type": 15, "object_id": "32", "object_repr": "18121011178", "action_flag": 3, "change_message": ""}}, {"model": "admin.logentry", "pk": 278, "fields": {"action_time": "2018-12-12T08:43:59.273Z", "user": 112, "content_type": 15, "object_id": "31", "object_repr": "18121023011", "action_flag": 3, "change_message": ""}}, {"model": "admin.logentry", "pk": 279, "fields": {"action_time": "2018-12-12T08:43:59.320Z", "user": 112, "content_type": 15, "object_id": "30", "object_repr": "", "action_flag": 3, "change_message": ""}}, {"model": "admin.logentry", "pk": 280, "fields": {"action_time": "2018-12-12T08:43:59.336Z", "user": 112, "content_type": 15, "object_id": "29", "object_repr": "18112546469", "action_flag": 3, "change_message": ""}}, {"model": "admin.logentry", "pk": 281, "fields": {"action_time": "2018-12-12T08:43:59.352Z", "user": 112, "content_type": 15, "object_id": "28", "object_repr": "18111812192", "action_flag": 3, "change_message": ""}}, {"model": "admin.logentry", "pk": 282, "fields": {"action_time": "2018-12-12T08:43:59.370Z", "user": 112, "content_type": 15, "object_id": "27", "object_repr": "18111833625", "action_flag": 3, "change_message": ""}}, {"model": "admin.logentry", "pk": 283, "fields": {"action_time": "2018-12-12T08:43:59.384Z", "user": 112, "content_type": 15, "object_id": "16", "object_repr": "18111856912", "action_flag": 3, "change_message": ""}}, {"model": "admin.logentry", "pk": 284, "fields": {"action_time": "2018-12-12T08:43:59.428Z", "user": 112, "content_type": 15, "object_id": "15", "object_repr": "18111824247", "action_flag": 3, "change_message": ""}}, {"model": "admin.logentry", "pk": 285, "fields": {"action_time": "2018-12-12T08:43:59.446Z", "user": 112, "content_type": 15, "object_id": "14", "object_repr": "18111820903", "action_flag": 3, "change_message": ""}}, {"model": "admin.logentry", "pk": 286, "fields": {"action_time": "2018-12-12T08:43:59.460Z", "user": 112, "content_type": 15, "object_id": "13", "object_repr": "18111833746", "action_flag": 3, "change_message": ""}}, {"model": "admin.logentry", "pk": 287, "fields": {"action_time": "2018-12-12T08:43:59.478Z", "user": 112, "content_type": 15, "object_id": "12", "object_repr": "1811183917", "action_flag": 3, "change_message": ""}}, {"model": "admin.logentry", "pk": 288, "fields": {"action_time": "2018-12-12T08:43:59.497Z", "user": 112, "content_type": 15, "object_id": "11", "object_repr": "18111837401", "action_flag": 3, "change_message": ""}}, {"model": "admin.logentry", "pk": 289, "fields": {"action_time": "2018-12-12T08:43:59.519Z", "user": 112, "content_type": 15, "object_id": "10", "object_repr": "18111823529", "action_flag": 3, "change_message": ""}}, {"model": "admin.logentry", "pk": 290, "fields": {"action_time": "2018-12-12T08:55:17.513Z", "user": 112, "content_type": 19, "object_id": "2", "object_repr": "kage", "action_flag": 3, "change_message": ""}}, {"model": "admin.logentry", "pk": 291, "fields": {"action_time": "2018-12-12T08:55:17.533Z", "user": 112, "content_type": 19, "object_id": "1", "object_repr": "kage", "action_flag": 3, "change_message": ""}}, {"model": "customer.customerprofile", "pk": 31, "fields": {"Customer": 58, "phone_number": null, "address": null, "prod": []}}, {"model": "customer.customerprofile", "pk": 37, "fields": {"Customer": 64, "phone_number": 9340143387, "address": null, "prod": []}}, {"model": "customer.customerprofile", "pk": 63, "fields": {"Customer": 90, "phone_number": null, "address": null, "prod": []}}, {"model": "customer.customerprofile", "pk": 82, "fields": {"Customer": 109, "phone_number": 7995633460, "address": "36,B2 Elegant Enclave, 3rd Main Road Swaminathan Nagar\r\nKottivakkam, Chennai 41", "prod": []}}, {"model": "customer.customerprofile", "pk": 84, "fields": {"Customer": 111, "phone_number": 8056196179, "address": "38,B2 Elegant Enclave, 3rd Main Road Swaminathan Nagar\r\nKottivakkam, Chennai 41", "prod": []}}, {"model": "customer.customerprofile", "pk": 85, "fields": {"Customer": 112, "phone_number": null, "address": null, "prod": []}}]